[
    {
        "id": 1,
        "guestId": 1,
        "content": "Duis bibendum, felis sed interdum venenatis, turpis enim blandit mi, in porttitor pede justo eu massa.",
        "cleanliness": 5,
        "communication": 5,
        "rating": 2
    },
    {
        "id": 2,
        "guestId": 2,
        "content": "Sed sagittis. Nam congue, risus semper porta volutpat.",
        "cleanliness": 3,
        "communication": 3,
        "rating": 3
    },
    {
        "id": 3,
        "guestId": 3,
        "content": "Ut tellus. Nulla ut erat id mauris vulputate elementum. Nullam varius.",
        "cleanliness": 1,
        "communication": 5,
        "rating": 5
    },
    {
        "id": 4,
        "guestId": 4,
        "content": "In tempor, turpis nec euismod scelerisque, quam turpis adipiscing lorem, vitae mattis nibh ligula nec sem.",
        "cleanliness": 5,
        "communication": 2,
        "rating": 5
    },
    {
        "id": 5,
        "guestId": 5,
        "content": "Vestibulum ac est lacinia nisi venenatis tristique. Fusce congue, diam id ornare imperdiet, sapien urna pretium nisl.",
        "cleanliness": 4,
        "communication": 3,
        "rating": 3
    },
    {
        "id": 6,
        "guestId": 6,
        "content": "In quis justo. Maecenas rhoncus aliquam lacus.",
        "cleanliness": 1,
        "communication": 4,
        "rating": 4
    },
    {
        "id": 7,
        "guestId": 7,
        "content": "Suspendisse accumsan tortor quis turpis. Sed ante. Vivamus tortor. Duis mattis egestas metus.",
        "cleanliness": 3,
        "communication": 1,
        "rating": 4
    },
    {
        "id": 8,
        "guestId": 8,
        "content": "In est risus, auctor sed, tristique in, tempus sit amet, sem. Fusce consequat. Nulla nisl.",
        "cleanliness": 3,
        "communication": 5,
        "rating": 1
    },
    {
        "id": 9,
        "guestId": 9,
        "content": "Vestibulum ante ipsum primis in faucibus orci luctus et ultrices posuere cubilia Curae; Donec pharetra.",
        "cleanliness": 5,
        "communication": 1,
        "rating": 1
    },
    {
        "id": 10,
        "guestId": 10,
        "content": "Cum sociis natoque penatibus et magnis dis parturient montes, nascetur ridiculus mus.",
        "cleanliness": 4,
        "communication": 2,
        "rating": 3
    },
    {
        "id": 11,
        "guestId": 11,
        "content": "Maecenas ut massa quis augue luctus tincidunt. Nulla mollis molestie lorem. Quisque ut erat.",
        "cleanliness": 5,
        "communication": 1,
        "rating": 4
    },
    {
        "id": 12,
        "guestId": 12,
        "content": "Cras mi pede, malesuada in, imperdiet et, commodo vulputate, justo.",
        "cleanliness": 4,
        "communication": 5,
        "rating": 5
    },
    {
        "id": 13,
        "guestId": 13,
        "content": "Suspendisse ornare consequat lectus. In est risus, auctor sed, tristique in, tempus sit amet, sem.",
        "cleanliness": 2,
        "communication": 5,
        "rating": 3
    },
    {
        "id": 14,
        "guestId": 14,
        "content": "In hac habitasse platea dictumst. Etiam faucibus cursus urna. Ut tellus.",
        "cleanliness": 5,
        "communication": 2,
        "rating": 4
    },
    {
        "id": 15,
        "guestId": 15,
        "content": "Nam congue, risus semper porta volutpat.",
        "cleanliness": 3,
        "communication": 2,
        "rating": 1
    },
    {
        "id": 16,
        "guestId": 16,
        "content": "In est risus, auctor sed, tristique in, tempus sit amet, sem. Fusce consequat.",
        "cleanliness": 2,
        "communication": 2,
        "rating": 5
    },
    {
        "id": 17,
        "guestId": 17,
        "content": "In hac habitasse platea dictumst.",
        "cleanliness": 5,
        "communication": 4,
        "rating": 1
    },
    {
        "id": 18,
        "guestId": 18,
        "content": "Aenean fermentum. Donec ut mauris eget massa tempor convallis.",
        "cleanliness": 4,
        "communication": 1,
        "rating": 1
    },
    {
        "id": 19,
        "guestId": 19,
        "content": "Morbi non lectus. Aliquam sit amet diam in magna bibendum imperdiet.",
        "cleanliness": 4,
        "communication": 5,
        "rating": 2
    },
    {
        "id": 20,
        "guestId": 20,
        "content": "In sagittis dui vel nisl. Duis ac nibh.",
        "cleanliness": 1,
        "communication": 3,
        "rating": 5
    },
    {
        "id": 21,
        "guestId": 21,
        "content": "Curabitur gravida nisi at nibh. In hac habitasse platea dictumst.",
        "cleanliness": 4,
        "communication": 3,
        "rating": 3
    },
    {
        "id": 22,
        "guestId": 22,
        "content": "Nullam sit amet turpis elementum ligula vehicula consequat.",
        "cleanliness": 4,
        "communication": 1,
        "rating": 3
    },
    {
        "id": 23,
        "guestId": 23,
        "content": "Nunc nisl. Duis bibendum, felis sed interdum venenatis.",
        "cleanliness": 5,
        "communication": 2,
        "rating": 5
    },
    {
        "id": 24,
        "guestId": 24,
        "content": "Sed sagittis.",
        "cleanliness": 3,
        "communication": 3,
        "rating": 1
    },
    {
        "id": 25,
        "guestId": 25,
        "content": "Nullam varius. Nulla facilisi. Cras non velit nec nisi vulputate nonummy.",
        "cleanliness": 2,
        "communication": 1,
        "rating": 3
    },
    {
        "id": 26,
        "guestId": 26,
        "content": "Fusce consequat. Nulla nisl. Nunc nisl.",
        "cleanliness": 5,
        "communication": 4,
        "rating": 1
    },
    {
        "id": 27,
        "guestId": 27,
        "content": "Aenean sit amet justo. Morbi ut odio.",
        "cleanliness": 4,
        "communication": 1,
        "rating": 4
    },
    {
        "id": 28,
        "guestId": 28,
        "content": "Vestibulum ac est lacinia nisi venenatis tristique.",
        "cleanliness": 2,
        "communication": 4,
        "rating": 2
    },
    {
        "id": 29,
        "guestId": 29,
        "content": "Lorem ipsum dolor sit amet, consectetuer adipiscing elit.",
        "cleanliness": 5,
        "communication": 5,
        "rating": 4
    },
    {
        "id": 30,
        "guestId": 30,
        "content": "Nunc rhoncus dui vel sem. Sed sagittis.",
        "cleanliness": 4,
        "communication": 4,
        "rating": 3
    }
]
