[
  {
    "address1": "6201 S Alameda St",
    "address2": "",
    "address3": "",
    "city": "Los Angeles",
    "zip_code": "90001",
    "country": "US",
    "state": "CA",
    "display_address": ["6201 S Alameda St", "Los Angeles, CA 90001"]
  },
  {
    "address1": "6333 S Alameda St",
    "address2": "",
    "address3": "",
    "city": "Los Angeles",
    "zip_code": "90001",
    "country": "US",
    "state": "CA",
    "display_address": ["6333 S Alameda St", "Los Angeles, CA 90001"]
  },
  {
    "address1": "1900 S Figueroa St",
    "address2": "",
    "address3": "",
    "city": "Los Angeles",
    "zip_code": "90007",
    "country": "US",
    "state": "CA",
    "display_address": ["1900 S Figueroa St", "Los Angeles, CA 90007"]
  },
  {
    "address1": "1711 S Brand Blvd",
    "address2": "",
    "address3": "",
    "city": "Glendale",
    "zip_code": "91204",
    "country": "US",
    "state": "CA",
    "display_address": ["1711 S Brand Blvd", "Glendale, CA 91204"]
  },
  {
    "address1": "1801 S Figueroa St",
    "address2": "",
    "address3": "",
    "city": "Los Angeles",
    "zip_code": "90015",
    "country": "US",
    "state": "CA",
    "display_address": ["1801 S Figueroa St", "Los Angeles, CA 90015"]
  },
  {
    "address1": "1416 S La Brea Ave",
    "address2": "",
    "address3": "",
    "city": "Los Angeles",
    "zip_code": "90019",
    "country": "US",
    "state": "CA",
    "display_address": ["1416 S La Brea Ave", "Los Angeles, CA 90019"]
  },

  {
    "address1": "1040 N La Brea Ave",
    "address2": "",
    "address3": "",
    "city": "West Hollywood",
    "zip_code": "90038",
    "country": "US",
    "state": "CA",
    "display_address": ["1040 N La Brea Ave", "West Hollywood, CA 90038"]
  },
  {
    "address1": "5850 W Centinela Ave",
    "address2": "",
    "address3": "",
    "city": "Los Angeles",
    "zip_code": "90045",
    "country": "US",
    "state": "CA",
    "display_address": ["5850 W Centinela Ave", "Los Angeles, CA 90045"]
  },
  {
    "address1": "704 S Victory Blvd",
    "address2": "Ste 200",
    "address3": "",
    "city": "Burbank",
    "zip_code": "91502",
    "country": "US",
    "state": "CA",
    "display_address": ["704 S Victory Blvd", "Ste 200", "Burbank, CA 91502"]
  },
  {
    "address1": "4975 Eagle Rock Blvd",
    "address2": null,
    "address3": "",
    "city": "Los Angeles",
    "zip_code": "90041",
    "country": "US",
    "state": "CA",
    "display_address": ["4975 Eagle Rock Blvd", "Los Angeles, CA 90041"]
  },
  {
    "address1": "5070 Wilshire Blvd",
    "address2": "",
    "address3": "",
    "city": "Los Angeles",
    "zip_code": "90036",
    "country": "US",
    "state": "CA",
    "display_address": ["5070 Wilshire Blvd", "Los Angeles, CA 90036"]
  },
  {
    "address1": "400 S La Brea Ave",
    "address2": "",
    "address3": "",
    "city": "Los Angeles",
    "zip_code": "90036",
    "country": "US",
    "state": "CA",
    "display_address": ["400 S La Brea Ave", "Los Angeles, CA 90036"]
  },
  {
    "address1": "1900 South Figueroa St",
    "address2": "",
    "address3": "",
    "city": "Los Angeles",
    "zip_code": "90007",
    "country": "US",
    "state": "CA",
    "display_address": ["1900 South Figueroa St", "Los Angeles, CA 90007"]
  },
  {
    "address1": "6511 Santa Monica Blvd",
    "address2": "",
    "address3": "",
    "city": "Los Angeles",
    "zip_code": "90038",
    "country": "US",
    "state": "CA",
    "display_address": ["6511 Santa Monica Blvd", "Los Angeles, CA 90038"]
  },
  {
    "address1": "3200 Los Feliz",
    "address2": "Ste A",
    "address3": "",
    "city": "Los Angeles",
    "zip_code": "90039",
    "country": "US",
    "state": "CA",
    "display_address": ["3200 Los Feliz", "Ste A", "Los Angeles, CA 90039"]
  },
  {
    "address1": "1900 S Figueroa St",
    "address2": "",
    "address3": "",
    "city": "Los Angeles",
    "zip_code": "90007",
    "country": "US",
    "state": "CA",
    "display_address": ["1900 S Figueroa St", "Los Angeles, CA 90007"]
  },
  {
    "address1": "11011 Santa Monica Blvd",
    "address2": "",
    "address3": "",
    "city": "Los Angeles",
    "zip_code": "90025",
    "country": "US",
    "state": "CA",
    "display_address": ["11011 Santa Monica Blvd", "Los Angeles, CA 90025"]
  },
  {
    "address1": "1305 S Glendale Ave",
    "address2": "Ste 3 & 4",
    "address3": "",
    "city": "Glendale",
    "zip_code": "91205",
    "country": "US",
    "state": "CA",
    "display_address": [
      "1305 S Glendale Ave",
      "Ste 3 & 4",
      "Glendale, CA 91205"
    ]
  },
  {
    "address1": "1370 E Colorado St",
    "address2": null,
    "address3": null,
    "city": "Glendale",
    "zip_code": "91205",
    "country": "US",
    "state": "CA",
    "display_address": ["1370 E Colorado St", "Glendale, CA 91205"]
  },
  {
    "address1": "3800 Geary Blvd",
    "address2": "",
    "address3": "",
    "city": "San Francisco",
    "zip_code": "94118",
    "country": "US",
    "state": "CA",
    "display_address": ["3800 Geary Blvd", "San Francisco, CA 94118"]
  },
  {
    "address1": "280 /285 S Van Ness Ave",
    "address2": null,
    "address3": "",
    "city": "San Francisco",
    "zip_code": "94103",
    "country": "US",
    "state": "CA",
    "display_address": ["280 /285 S Van Ness Ave", "San Francisco, CA 94103"]
  },
  {
    "address1": "1675 Howard St",
    "address2": "",
    "address3": "",
    "city": "San Francisco",
    "zip_code": "94103",
    "country": "US",
    "state": "CA",
    "display_address": ["1675 Howard St", "San Francisco, CA 94103"]
  },
  {
    "address1": "1222 Harrison St",
    "address2": "Ste 4105",
    "address3": "",
    "city": "San Francisco",
    "zip_code": "94103",
    "country": "US",
    "state": "CA",
    "display_address": [
      "1222 Harrison St",
      "Ste 4105",
      "San Francisco, CA 94103"
    ]
  },
  {
    "address1": "1395 Van Ness Ave",
    "address2": "",
    "address3": "",
    "city": "San Francisco",
    "zip_code": "94109",
    "country": "US",
    "state": "CA",
    "display_address": ["1395 Van Ness Ave", "San Francisco, CA 94109"]
  },
  {
    "address1": "285 S Van Ness Ave",
    "address2": null,
    "address3": null,
    "city": "San Francisco",
    "zip_code": "94103",
    "country": "US",
    "state": "CA",
    "display_address": ["285 S Van Ness Ave", "San Francisco, CA 94103"]
  },
  {
    "address1": "300 S Van Ness Ave",
    "address2": "",
    "address3": "",
    "city": "San Francisco",
    "zip_code": "94103",
    "country": "US",
    "state": "CA",
    "display_address": ["300 S Van Ness Ave", "San Francisco, CA 94103"]
  },
  {
    "address1": "1701 Van Ness Ave",
    "address2": "",
    "address3": "",
    "city": "San Francisco",
    "zip_code": "94109",
    "country": "US",
    "state": "CA",
    "display_address": ["1701 Van Ness Ave", "San Francisco, CA 94109"]
  },

  {
    "address1": "280 S Van Ness Ave",
    "address2": null,
    "address3": "",
    "city": "San Francisco",
    "zip_code": "94103",
    "country": "US",
    "state": "CA",
    "display_address": ["280 S Van Ness Ave", "San Francisco, CA 94103"]
  },
  {
    "address1": "280 South Van Ness Ave",
    "address2": null,
    "address3": "",
    "city": "San Francisco",
    "zip_code": "94103",
    "country": "US",
    "state": "CA",
    "display_address": ["280 South Van Ness Ave", "San Francisco, CA 94103"]
  }
]
